Fecha,Nivel
2010-1-1,43.90
2010-1-2,43.90
2010-1-3,44.00
2010-1-4,44.00
2010-1-5,44.00
2010-1-6,44.00
2010-1-7,43.90
2010-1-8,
2010-1-9,
2010-1-10,44.00
2010-1-11,44.00
2010-1-12,43.90
2010-1-13,43.90
2010-1-14,43.80
2010-1-15,
2010-1-16,
2010-1-17,43.70
2010-1-18,43.70
2010-1-19,43.60
2010-1-20,43.60
2010-1-21,43.50
2010-1-22,43.40
2010-1-23,43.30
2010-1-24,43.30
2010-1-25,43.20
2010-1-26,43.10
2010-1-27,43.10
2010-1-28,43.00
2010-1-29,
2010-1-30,
2010-1-31,
2010-2-1,42.80
2010-2-2,42.70
2010-2-3,42.70
2010-2-4,42.60
2010-2-5,42.60
2010-2-6,42.50
2010-2-7,42.50
2010-2-8,42.60
2010-2-9,42.60
2010-2-10,42.60
2010-2-11,42.60
2010-2-12,41.60
2010-2-13,41.60
2010-2-14,41.60
2010-2-15,41.60
2010-2-16,42.70
2010-2-17,42.80
2010-2-18,42.80
2010-2-19,42.80
2010-2-20,43.10
2010-2-21,43.40
2010-2-22,43.60
2010-2-23,43.80
2010-2-24,43.90
2010-2-25,44.00
2010-2-26,44.00
2010-2-27,44.20
2010-2-28,44.20
2010-3-1,44.40
2010-3-2,44.50
2010-3-3,44.90
2010-3-4,45.10
2010-3-5,45.20
2010-3-6,45.40
2010-3-7,45.50
2010-3-8,45.60
2010-3-9,45.60
2010-3-10,45.70
2010-3-11,45.70
2010-3-12,45.70
2010-3-13,45.90
2010-3-14,46.00
2010-3-15,46.00
2010-3-16,46.10
2010-3-17,46.20
2010-3-18,46.40
2010-3-19,46.50
2010-3-20,46.60
2010-3-21,46.60
2010-3-22,46.60
2010-3-23,46.60
2010-3-24,46.60
2010-3-25,46.50
2010-3-26,46.50
2010-3-27,46.50
2010-3-28,46.60
2010-3-29,46.60
2010-3-30,46.60
2010-3-31,46.90
2010-4-1,46.90
2010-4-2,46.80
2010-4-3,46.80
2010-4-4,46.70
2010-4-5,46.60
2010-4-6,46.60
2010-4-7,46.60
2010-4-8,46.50
2010-4-9,46.50
2010-4-10,46.50
2010-4-11,46.40
2010-4-12,46.30
2010-4-13,46.30
2010-4-14,46.30
2010-4-15,46.20
2010-4-16,46.20
2010-4-17,46.30
2010-4-18,46.30
2010-4-19,46.40
2010-4-20,46.40
2010-4-21,46.50
2010-4-22,46.70
2010-4-23,46.70
2010-4-24,46.60
2010-4-25,46.60
2010-4-26,46.60
2010-4-27,46.50
2010-4-28,46.50
2010-4-29,46.50
2010-4-30,46.50
2010-5-1,46.50
2010-5-2,46.50
2010-5-3,46.50
2010-5-4,46.50
2010-5-5,46.50
2010-5-6,46.50
2010-5-7,46.60
2010-5-8,46.60
2010-5-9,46.60
2010-5-10,46.60
2010-5-11,46.50
2010-5-12,46.40
2010-5-13,46.40
2010-5-14,46.40
2010-5-15,46.40
2010-5-16,46.40
2010-5-17,46.40
2010-5-18,46.20
2010-5-19,46.20
2010-5-20,46.20
2010-5-21,46.10
2010-5-22,46.10
2010-5-23,46.10
2010-5-24,46.10
2010-5-25,46.00
2010-5-26,46.00
2010-5-27,46.00
2010-5-28,46.00
2010-5-29,46.00
2010-5-30,46.10
2010-5-31,46.10
2010-6-1,46.10
2010-6-2,46.20
2010-6-3,46.30
2010-6-4,46.50
2010-6-5,46.60
2010-6-6,46.50
2010-6-7,46.50
2010-6-8,46.40
2010-6-9,46.40
2010-6-10,46.40
2010-6-11,46.30
2010-6-12,46.40
2010-6-13,46.40
2010-6-14,46.30
2010-6-15,46.30
2010-6-16,46.30
2010-6-17,46.20
2010-6-18,46.20
2010-6-19,46.10
2010-6-20,46.10
2010-6-21,46.10
2010-6-22,46.10
2010-6-23,46.00
2010-6-24,46.00
2010-6-25,45.90
2010-6-26,45.90
2010-6-27,45.90
2010-6-28,45.90
2010-6-29,45.80
2010-6-30,45.80
2010-7-1,45.80
2010-7-2,45.80
2010-7-3,45.60
2010-7-4,45.60
2010-7-5,45.60
2010-7-6,45.60
2010-7-7,45.50
2010-7-8,45.50
2010-7-9,45.40
2010-7-10,45.40
2010-7-11,45.40
2010-7-12,45.40
2010-7-13,45.40
2010-7-14,45.30
2010-7-15,45.30
2010-7-16,45.40
2010-7-17,45.50
2010-7-18,45.50
2010-7-19,45.50
2010-7-20,45.60
2010-7-21,45.70
2010-7-22,45.70
2010-7-23,45.60
2010-7-24,45.60
2010-7-25,45.60
2010-7-26,45.50
2010-7-27,45.50
2010-7-28,45.50
2010-7-29,45.40
2010-7-30,45.40
2010-7-31,45.30
2010-8-1,45.30
2010-8-2,45.30
2010-8-3,45.30
2010-8-4,45.30
2010-8-5,45.30
2010-8-6,45.20
2010-8-7,45.20
2010-8-8,45.30
2010-8-9,45.30
2010-8-10,45.30
2010-8-11,45.30
2010-8-12,45.30
2010-8-13,45.20
2010-8-14,45.20
2010-8-15,45.20
2010-8-16,45.20
2010-8-17,45.10
2010-8-18,45.10
2010-8-19,45.10
2010-8-20,45.00
2010-8-21,45.00
2010-8-22,45.00
2010-8-23,45.00
2010-8-24,45.00
2010-8-25,45.00
2010-8-26,45.00
2010-8-27,44.90
2010-8-28,44.90
2010-8-29,44.90
2010-8-30,44.80
2010-8-31,44.80
2010-9-1,44.80
2010-9-2,44.70
2010-9-3,44.70
2010-9-4,44.70
2010-9-5,44.60
2010-9-6,44.60
2010-9-7,44.60
2010-9-8,44.60
2010-9-9,44.60
2010-9-10,44.60
2010-9-11,44.60
2010-9-12,44.70
2010-9-13,44.70
2010-9-14,44.70
2010-9-15,44.60
2010-9-16,44.60
2010-9-17,44.60
2010-9-18,44.60
2010-9-19,44.60
2010-9-20,44.60
2010-9-21,44.50
2010-9-22,44.50
2010-9-23,44.50
2010-9-24,44.40
2010-9-25,44.40
2010-9-26,44.40
2010-9-27,44.40
2010-9-28,44.50
2010-9-29,44.50
2010-9-30,44.50
2010-10-1,44.50
2010-10-2,44.50
2010-10-3,44.50
2010-10-4,44.50
2010-10-5,44.50
2010-10-6,44.50
2010-10-7,44.50
2010-10-8,44.40
2010-10-9,44.40
2010-10-10,44.40
2010-10-11,44.40
2010-10-12,44.40
2010-10-13,44.30
2010-10-14,44.40
2010-10-15,44.40
2010-10-16,44.40
2010-10-17,44.40
2010-10-18,44.40
2010-10-19,44.40
2010-10-20,44.30
2010-10-21,44.30
2010-10-22,44.30
2010-10-23,44.20
2010-10-24,44.20
2010-10-25,44.20
2010-10-26,44.20
2010-10-27,44.20
2010-10-28,44.20
2010-10-29,44.20
2010-10-30,44.20
2010-10-31,44.20
2010-11-1,44.20
2010-11-2,44.10
2010-11-3,44.10
2010-11-4,44.10
2010-11-5,44.00
2010-11-6,44.00
2010-11-7,44.00
2010-11-8,44.00
2010-11-9,44.00
2010-11-10,43.90
2010-11-11,43.90
2010-11-12,43.80
2010-11-13,43.80
2010-11-14,43.80
2010-11-15,43.80
2010-11-16,43.80
2010-11-17,43.70
2010-11-18,43.70
2010-11-19,43.70
2010-11-20,43.60
2010-11-21,43.70
2010-11-22,43.70
2010-11-23,43.70
2010-11-24,43.70
2010-11-25,43.70
2010-11-26,43.70
2010-11-27,43.60
2010-11-28,43.70
2010-11-29,43.90
2010-11-30,44.00
2010-12-1,44.00
2010-12-2,44.10
2010-12-3,44.10
2010-12-4,44.10
2010-12-5,44.10
2010-12-6,44.10
2010-12-7,44.10
2010-12-8,44.20
2010-12-9,44.20
2010-12-10,44.20
2010-12-11,44.20
2010-12-12,44.10
2010-12-13,44.10
2010-12-14,44.10
2010-12-15,44.10
2010-12-16,44.10
2010-12-17,44.00
2010-12-18,44.10
2010-12-19,44.20
2010-12-20,44.30
2010-12-21,44.30
2010-12-22,44.30
2010-12-23,44.30
2010-12-24,44.70
2010-12-25,44.70
2010-12-26,44.70
2010-12-27,44.70
2010-12-28,44.70
2010-12-29,44.70
2010-12-30,
2010-12-31,
2011-1-1,44.70
2011-1-2,44.70
2011-1-3,44.80
2011-1-4,44.80
2011-1-5,44.80
2011-1-6,45.00
2011-1-7,45.00
2011-1-8,45.10
2011-1-9,45.10
2011-1-10,45.20
2011-1-11,45.20
2011-1-12,45.30
2011-1-13,45.30
2011-1-14,45.40
2011-1-15,45.40
2011-1-16,45.50
2011-1-17,45.50
2011-1-18,45.50
2011-1-19,45.50
2011-1-20,45.50
2011-1-21,45.50
2011-1-22,45.40
2011-1-23,45.40
2011-1-24,45.40
2011-1-25,45.40
2011-1-26,45.60
2011-1-27,45.80
2011-1-28,45.80
2011-1-29,45.90
2011-1-30,45.90
2011-1-31,45.90
2011-2-1,46.00
2011-2-2,46.00
2011-2-3,46.00
2011-2-4,46.00
2011-2-5,46.10
2011-2-6,46.10
2011-2-7,46.00
2011-2-8,46.00
2011-2-9,46.00
2011-2-10,46.00
2011-2-11,46.00
2011-2-12,46.00
2011-2-13,46.10
2011-2-14,46.20
2011-2-15,46.30
2011-2-16,46.40
2011-2-17,46.40
2011-2-18,46.60
2011-2-19,46.70
2011-2-20,46.70
2011-2-21,46.70
2011-2-22,46.60
2011-2-23,46.60
2011-2-24,46.70
2011-2-25,46.70
2011-2-26,46.60
2011-2-27,46.60
2011-2-28,46.60
2011-3-1,46.60
2011-3-2,46.60
2011-3-3,46.60
2011-3-4,46.60
2011-3-5,46.70
2011-3-6,46.70
2011-3-7,46.70
2011-3-8,46.60
2011-3-9,46.60
2011-3-10,46.60
2011-3-11,46.50
2011-3-12,46.60
2011-3-13,46.70
2011-3-14,46.60
2011-3-15,46.60
2011-3-16,46.60
2011-3-17,46.30
2011-3-18,46.60
2011-3-19,46.60
2011-3-20,46.60
2011-3-21,46.60
2011-3-22,46.60
2011-3-23,46.60
2011-3-24,46.60
2011-3-25,46.60
2011-3-26,46.60
2011-3-27,46.60
2011-3-28,46.60
2011-3-29,46.60
2011-3-30,46.60
2011-3-31,46.60
2011-4-1,46.60
2011-4-2,46.60
2011-4-3,46.60
2011-4-4,46.60
2011-4-5,46.50
2011-4-6,46.50
2011-4-7,46.40
2011-4-8,46.40
2011-4-9,46.30
2011-4-10,46.30
2011-4-11,46.30
2011-4-12,46.20
2011-4-13,46.20
2011-4-14,46.10
2011-4-15,46.10
2011-4-16,46.00
2011-4-17,46.00
2011-4-18,45.90
2011-4-19,45.90
2011-4-20,45.80
2011-4-21,45.80
2011-4-22,45.80
2011-4-23,45.80
2011-4-24,45.80
2011-4-25,45.70
2011-4-26,45.70
2011-4-27,45.70
2011-4-28,45.70
2011-4-29,45.60
2011-4-30,45.60
2011-5-1,45.60
2011-5-2,45.60
2011-5-3,45.60
2011-5-4,45.60
2011-5-5,45.60
2011-5-6,45.50
2011-5-7,45.50
2011-5-8,45.50
2011-5-9,45.50
2011-5-10,45.40
2011-5-11,45.40
2011-5-12,45.40
2011-5-13,45.40
2011-5-14,45.40
2011-5-15,45.30
2011-5-16,45.30
2011-5-17,45.30
2011-5-18,45.30
2011-5-19,45.30
2011-5-20,45.30
2011-5-21,45.20
2011-5-22,45.20
2011-5-23,45.20
2011-5-24,45.20
2011-5-25,45.20
2011-5-26,45.20
2011-5-27,45.10
2011-5-28,45.10
2011-5-29,45.10
2011-5-30,45.10
2011-5-31,45.10
2011-6-1,45.00
2011-6-2,45.00
2011-6-3,45.00
2011-6-4,45.00
2011-6-5,44.90
2011-6-6,44.90
2011-6-7,44.90
2011-6-8,44.90
2011-6-9,44.90
2011-6-10,44.90
2011-6-11,44.90
2011-6-12,44.90
2011-6-13,44.90
2011-6-14,44.80
2011-6-15,44.80
2011-6-16,44.80
2011-6-17,44.80
2011-6-18,44.80
2011-6-19,44.70
2011-6-20,44.70
2011-6-21,44.70
2011-6-22,44.80
2011-6-23,44.70
2011-6-24,44.70
2011-6-25,44.70
2011-6-26,44.70
2011-6-27,44.70
2011-6-28,44.70
2011-6-29,44.70
2011-6-30,44.70
2011-7-1,44.60
2011-7-2,44.60
2011-7-3,44.60
2011-7-4,44.60
2011-7-5,44.60
2011-7-6,44.60
2011-7-7,44.60
2011-7-8,44.90
2011-7-9,44.90
2011-7-10,44.90
2011-7-11,44.90
2011-7-12,44.90
2011-7-13,44.80
2011-7-14,44.80
2011-7-15,44.80
2011-7-16,44.80
2011-7-17,44.80
2011-7-18,44.80
2011-7-19,44.80
2011-7-20,44.70
2011-7-21,44.70
2011-7-22,44.70
2011-7-23,44.70
2011-7-24,44.70
2011-7-25,44.60
2011-7-26,44.60
2011-7-27,44.60
2011-7-28,44.60
2011-7-29,44.60
2011-7-30,
2011-7-31,
2011-8-1,44.50
2011-8-2,44.50
2011-8-3,44.50
2011-8-4,44.40
2011-8-5,44.40
2011-8-6,44.40
2011-8-7,44.40
2011-8-8,44.40
2011-8-9,44.40
2011-8-10,44.40
2011-8-11,44.40
2011-8-12,44.40
2011-8-13,44.30
2011-8-14,44.30
2011-8-15,44.30
2011-8-16,44.30
2011-8-17,44.30
2011-8-18,44.30
2011-8-19,44.20
2011-8-20,44.20
2011-8-21,44.20
2011-8-22,44.20
2011-8-23,44.20
2011-8-24,44.20
2011-8-25,44.10
2011-8-26,44.10
2011-8-27,44.10
2011-8-28,44.10
2011-8-29,44.10
2011-8-30,44.00
2011-8-31,44.00
2011-9-1,44.00
2011-9-2,44.00
2011-9-3,43.90
2011-9-4,43.90
2011-9-5,43.90
2011-9-6,43.90
2011-9-7,43.90
2011-9-8,43.80
2011-9-9,43.80
2011-9-10,43.80
2011-9-11,43.80
2011-9-12,43.80
2011-9-13,43.70
2011-9-14,43.70
2011-9-15,43.70
2011-9-16,43.70
2011-9-17,43.70
2011-9-18,43.60
2011-9-19,43.60
2011-9-20,43.60
2011-9-21,43.60
2011-9-22,43.50
2011-9-23,43.50
2011-9-24,43.50
2011-9-25,43.50
2011-9-26,43.50
2011-9-27,43.50
2011-9-28,43.40
2011-9-29,43.40
2011-9-30,43.40
2011-10-1,43.40
2011-10-2,43.40
2011-10-3,43.40
2011-10-4,43.30
2011-10-5,43.30
2011-10-6,43.30
2011-10-7,43.20
2011-10-8,43.20
2011-10-9,43.20
2011-10-10,43.20
2011-10-11,43.20
2011-10-12,43.20
2011-10-13,43.20
2011-10-14,44.20
2011-10-15,43.10
2011-10-16,43.10
2011-10-17,43.10
2011-10-18,43.10
2011-10-19,43.10
2011-10-20,43.10
2011-10-21,43.00
2011-10-22,43.00
2011-10-23,43.00
2011-10-24,43.00
2011-10-25,43.10
2011-10-26,43.10
2011-10-27,43.10
2011-10-28,43.20
2011-10-29,43.20
2011-10-30,43.20
2011-10-31,43.20
2011-11-1,43.20
2011-11-2,43.20
2011-11-3,43.10
2011-11-4,43.10
2011-11-5,43.10
2011-11-6,43.10
2011-11-7,43.10
2011-11-8,43.00
2011-11-9,43.00
2011-11-10,43.00
2011-11-11,43.00
2011-11-12,42.90
2011-11-13,42.90
2011-11-14,43.00
2011-11-15,43.00
2011-11-16,43.00
2011-11-17,43.00
2011-11-18,42.90
2011-11-19,42.90
2011-11-20,42.90
2011-11-21,43.00
2011-11-22,43.00
2011-11-23,43.00
2011-11-24,43.00
2011-11-25,42.90
2011-11-26,42.90
2011-11-27,42.90
2011-11-28,42.90
2011-11-29,42.90
2011-11-30,42.90
2011-12-1,42.90
2011-12-2,42.90
2011-12-3,42.80
2011-12-4,42.80
2011-12-5,42.80
2011-12-6,42.80
2011-12-7,42.80
2011-12-8,42.90
2011-12-9,42.90
2011-12-10,42.90
2011-12-11,42.90
2011-12-12,42.90
2011-12-13,43.00
2011-12-14,43.00
2011-12-15,42.90
2011-12-16,42.90
2011-12-17,42.90
2011-12-18,42.90
2011-12-19,43.00
2011-12-20,43.00
2011-12-21,43.00
2011-12-22,43.00
2011-12-23,43.00
2011-12-24,42.90
2011-12-25,42.90
2011-12-26,42.90
2011-12-27,
2011-12-28,
2011-12-29,
2011-12-30,42.80
2011-12-31,
2012-1-1,42.90
2012-1-2,43.00
2012-1-3,42.90
2012-1-4,42.90
2012-1-5,42.90
2012-1-6,42.80
2012-1-7,42.80
2012-1-8,42.70
2012-1-9,42.70
2012-1-10,42.60
2012-1-11,42.70
2012-1-12,42.70
2012-1-13,42.70
2012-1-14,
2012-1-15,
2012-1-16,42.10
2012-1-17,42.70
2012-1-18,42.70
2012-1-19,42.70
2012-1-20,42.70
2012-1-21,42.70
2012-1-22,42.70
2012-1-23,42.70
2012-1-24,42.70
2012-1-25,42.70
2012-1-26,42.70
2012-1-27,42.70
2012-1-28,42.70
2012-1-29,42.60
2012-1-30,42.60
2012-1-31,42.60
2012-2-1,42.60
2012-2-2,42.60
2012-2-3,42.60
2012-2-4,
2012-2-5,
2012-2-6,
2012-2-7,
2012-2-8,
2012-2-9,
2012-2-10,
2012-2-11,
2012-2-12,
2012-2-13,
2012-2-14,
2012-2-15,
2012-2-16,
2012-2-17,
2012-2-18,
2012-2-19,
2012-2-20,
2012-2-21,
2012-2-22,
2012-2-23,
2012-2-24,
2012-2-25,
2012-2-26,
2012-2-27,
2012-2-28,
2012-2-29,
2012-3-1,45.10
2012-3-2,45.50
2012-3-3,45.70
2012-3-4,46.00
2012-3-5,46.20
2012-3-6,46.50
2012-3-7,46.60
2012-3-8,46.60
2012-3-9,46.60
2012-3-10,46.60
2012-3-11,46.60
2012-3-12,46.60
2012-3-13,46.60
2012-3-14,46.60
2012-3-15,46.60
2012-3-16,46.60
2012-3-17,46.60
2012-3-18,46.60
2012-3-19,46.50
2012-3-20,46.50
2012-3-21,46.60
2012-3-22,46.60
2012-3-23,46.60
2012-3-24,46.60
2012-3-25,46.50
2012-3-26,46.50
2012-3-27,46.50
2012-3-28,46.50
2012-3-29,46.50
2012-3-30,46.40
2012-3-31,46.40
2012-4-1,46.40
2012-4-2,46.30
2012-4-3,46.30
2012-4-4,46.20
2012-4-5,46.20
2012-4-6,46.20
2012-4-7,46.10
2012-4-8,46.10
2012-4-9,46.00
2012-4-10,46.00
2012-4-11,46.00
2012-4-12,45.90
2012-4-13,45.90
2012-4-14,45.90
2012-4-15,45.90
2012-4-16,46.00
2012-4-17,45.90
2012-4-18,45.90
2012-4-19,46.00
2012-4-20,46.00
2012-4-21,46.00
2012-4-22,46.00
2012-4-23,46.00
2012-4-24,46.00
2012-4-25,46.00
2012-4-26,46.10
2012-4-27,46.10
2012-4-28,46.00
2012-4-29,46.00
2012-4-30,46.10
2012-5-1,
2012-5-2,
2012-5-3,
2012-5-4,
2012-5-5,
2012-5-6,
2012-5-7,
2012-5-8,
2012-5-9,
2012-5-10,
2012-5-11,
2012-5-12,
2012-5-13,
2012-5-14,
2012-5-15,
2012-5-16,
2012-5-17,
2012-5-18,
2012-5-19,
2012-5-20,
2012-5-21,
2012-5-22,
2012-5-23,
2012-5-24,
2012-5-25,
2012-5-26,
2012-5-27,
2012-5-28,
2012-5-29,
2012-5-30,
2012-6-1,46.40
2012-6-2,46.40
2012-6-3,46.30
2012-6-4,46.30
2012-6-5,46.20
2012-6-6,46.20
2012-6-7,46.20
2012-6-8,46.10
2012-6-9,46.10
2012-6-10,46.00
2012-6-11,46.00
2012-6-12,46.00
2012-6-13,45.90
2012-6-14,45.90
2012-6-15,45.90
2012-6-16,45.90
2012-6-17,46.00
2012-6-18,45.90
2012-6-19,45.90
2012-6-20,46.00
2012-6-21,46.00
2012-6-22,46.00
2012-6-23,46.00
2012-6-24,46.00
2012-6-25,46.00
2012-6-26,46.00
2012-6-27,46.10
2012-6-28,46.10
2012-6-29,46.00
2012-6-30,46.00
2012-7-1,46.10
2012-7-2,44.90
2012-7-3,44.90
2012-7-4,44.90
2012-7-5,44.90
2012-7-6,44.80
2012-7-7,44.80
2012-7-8,44.80
2012-7-9,44.80
2012-7-10,44.80
2012-7-11,44.70
2012-7-12,44.70
2012-7-13,44.70
2012-7-14,44.60
2012-7-15,44.60
2012-7-16,44.60
2012-7-17,44.50
2012-7-18,44.50
2012-7-19,44.50
2012-7-20,44.50
2012-7-21,44.40
2012-7-22,44.40
2012-7-23,44.40
2012-7-24,44.40
2012-7-25,44.30
2012-7-26,44.30
2012-7-27,44.30
2012-7-28,44.30
2012-7-29,44.20
2012-7-30,44.20
2012-7-31,44.20
2012-8-1,44.10
2012-8-2,44.10
2012-8-3,44.10
2012-8-4,44.10
2012-8-5,44.10
2012-8-6,44.00
2012-8-7,44.00
2012-8-8,43.90
2012-8-9,43.90
2012-8-10,43.90
2012-8-11,43.80
2012-8-12,43.80
2012-8-13,43.80
2012-8-14,43.80
2012-8-15,43.70
2012-8-16,43.70
2012-8-17,43.70
2012-8-18,43.60
2012-8-19,43.70
2012-8-20,43.70
2012-8-21,43.60
2012-8-22,43.60
2012-8-23,43.60
2012-8-24,43.50
2012-8-25,43.50
2012-8-26,43.50
2012-8-27,43.50
2012-8-28,43.40
2012-8-29,43.40
2012-8-30,43.30
2012-8-31,43.30
2012-9-1,43.30
2012-9-2,43.30
2012-9-3,43.30
2012-9-4,43.20
2012-9-5,43.20
2012-9-6,43.20
2012-9-7,43.30
2012-9-8,43.30
2012-9-9,43.30
2012-9-10,43.30
2012-9-11,43.30
2012-9-12,43.30
2012-9-13,43.30
2012-9-14,43.20
2012-9-15,43.20
2012-9-16,43.30
2012-9-17,43.30
2012-9-18,43.30
2012-9-19,43.30
2012-9-20,43.40
2012-9-21,43.40
2012-9-22,43.40
2012-9-23,43.40
2012-9-24,43.40
2012-9-25,43.40
2012-9-26,43.40
2012-9-27,43.30
2012-9-28,43.30
2012-9-29,43.40
2012-9-30,43.30
2012-10-1,43.30
2012-10-2,43.30
2012-10-3,43.30
2012-10-4,43.30
2012-10-5,43.20
2012-10-6,43.20
2012-10-7,43.20
2012-10-8,43.20
2012-10-9,43.20
2012-10-10,43.20
2012-10-11,43.20
2012-10-12,43.20
2012-10-13,43.20
2012-10-14,43.20
2012-10-15,43.20
2012-10-16,43.40
2012-10-17,43.50
2012-10-18,43.60
2012-10-19,43.60
2012-10-20,43.70
2012-10-21,43.70
2012-10-22,43.90
2012-10-23,44.20
2012-10-24,44.50
2012-10-25,44.60
2012-10-26,44.70
2012-10-27,44.70
2012-10-28,44.80
2012-10-29,44.80
2012-10-30,44.90
2012-10-31,45.00
2012-11-1,45.00
2012-11-2,45.00
2012-11-3,45.10
2012-11-4,45.10
2012-11-5,45.20
2012-11-6,45.30
2012-11-7,45.50
2012-11-8,45.80
2012-11-9,46.00
2012-11-10,46.00
2012-11-11,45.90
2012-11-12,45.90
2012-11-13,45.90
2012-11-14,45.70
2012-11-15,45.90
2012-11-16,45.90
2012-11-17,45.80
2012-11-18,45.80
2012-11-19,45.80
2012-11-20,45.80
2012-11-21,45.80
2012-11-22,45.80
2012-11-23,45.90
2012-11-24,45.90
2012-11-25,45.90
2012-11-26,45.90
2012-11-27,45.90
2012-11-28,45.90
2012-11-29,45.90
2012-11-30,45.90
2012-12-1,46.00
2012-12-2,46.00
2012-12-3,46.00
2012-12-4,46.20
2012-12-5,46.50
2012-12-6,46.80
2012-12-7,46.90
2012-12-8,46.80
2012-12-9,46.70
2012-12-10,46.60
2012-12-11,46.60
2012-12-12,46.60
2012-12-13,46.50
2012-12-14,46.50
2012-12-15,46.50
2012-12-16,46.50
2012-12-17,46.50
2012-12-18,46.50
2012-12-19,46.50
2012-12-20,46.50
2012-12-21,46.50
2012-12-22,46.40
2012-12-23,46.40
2012-12-24,46.60
2012-12-25,46.60
2012-12-26,46.60
2012-12-27,46.50
2012-12-28,46.50
2012-12-29,
2012-12-30,
2012-12-31,
2013-1-1,46.40
2013-1-2,46.30
2013-1-3,46.30
2013-1-4,46.30
2013-1-5,46.30
2013-1-6,46.30
2013-1-7,46.30
2013-1-8,46.30
2013-1-9,46.30
2013-1-10,46.30
2013-1-11,46.30
2013-1-12,46.30
2013-1-13,46.30
2013-1-14,46.30
2013-1-15,46.30
2013-1-16,46.40
2013-1-17,46.50
2013-1-18,46.50
2013-1-19,46.50
2013-1-20,46.50
2013-1-21,46.50
2013-1-22,46.50
2013-1-23,46.50
2013-1-24,46.50
2013-1-25,46.40
2013-1-26,46.40
2013-1-27,46.40
2013-1-28,46.30
2013-1-29,46.30
2013-1-30,46.30
2013-1-31,46.40
2013-2-1,46.50
2013-2-2,46.60
2013-2-3,46.60
2013-2-4,46.60
2013-2-5,46.50
2013-2-6,46.50
2013-2-7,46.50
2013-2-8,46.50
2013-2-9,46.50
2013-2-10,46.50
2013-2-11,46.50
2013-2-12,46.50
2013-2-13,46.50
2013-2-14,46.50
2013-2-15,46.50
2013-2-16,46.50
2013-2-17,46.50
2013-2-18,46.60
2013-2-19,46.60
2013-2-20,46.50
2013-2-21,46.50
2013-2-22,46.50
2013-2-23,46.50
2013-2-24,46.60
2013-2-25,46.60
2013-2-26,46.50
2013-2-27,46.50
2013-2-28,46.50
2013-3-1,46.50
2013-3-2,46.40
2013-3-3,46.40
2013-3-4,46.40
2013-3-5,46.30
2013-3-6,46.30
2013-3-7,46.30
2013-3-8,46.30
2013-3-9,46.30
2013-3-10,46.20
2013-3-11,46.20
2013-3-12,46.20
2013-3-13,46.20
2013-3-14,46.30
2013-3-15,46.40
2013-3-16,46.40
2013-3-17,46.50
2013-3-18,46.50
2013-3-19,46.60
2013-3-20,46.80
2013-3-21,46.80
2013-3-22,46.70
2013-3-23,46.80
2013-3-24,46.70
2013-3-25,46.70
2013-3-26,46.70
2013-3-27,46.70
2013-3-28,46.60
2013-3-29,46.60
2013-3-30,46.60
2013-3-31,46.50
2013-4-1,46.50
2013-4-2,46.50
2013-4-3,46.70
2013-4-4,46.70
2013-4-5,46.60
2013-4-6,46.60
2013-4-7,46.60
2013-4-8,46.60
2013-4-9,46.60
2013-4-10,46.60
2013-4-11,46.60
2013-4-12,46.70
2013-4-13,46.70
2013-4-14,46.70
2013-4-15,46.70
2013-4-16,46.60
2013-4-17,46.60
2013-4-18,46.60
2013-4-19,46.60
2013-4-20,46.60
2013-4-21,46.60
2013-4-22,46.60
2013-4-23,46.60
2013-4-24,46.60
2013-4-25,46.60
2013-4-26,46.60
2013-4-27,46.60
2013-4-28,46.50
2013-4-29,46.50
2013-4-30,46.50
2013-5-1,46.50
2013-5-2,46.50
2013-5-3,46.50
2013-5-4,46.50
2013-5-5,46.50
2013-5-6,46.50
2013-5-7,46.50
2013-5-8,46.50
2013-5-9,46.50
2013-5-10,46.50
2013-5-11,46.40
2013-5-12,46.40
2013-5-13,46.40
2013-5-14,46.40
2013-5-15,46.40
2013-5-16,46.40
2013-5-17,46.40
2013-5-18,46.40
2013-5-19,46.30
2013-5-20,46.30
2013-5-21,46.30
2013-5-22,46.30
2013-5-23,46.20
2013-5-24,46.20
2013-5-25,46.20
2013-5-26,46.10
2013-5-27,46.10
2013-5-28,46.00
2013-5-29,46.00
2013-5-30,46.00
2013-5-31,45.90
2013-6-1,45.90
2013-6-2,45.90
2013-6-3,45.80
2013-6-4,45.80
2013-6-5,45.80
2013-6-6,45.80
2013-6-7,45.70
2013-6-8,45.70
2013-6-9,45.70
2013-6-10,45.60
2013-6-11,45.60
2013-6-12,45.60
2013-6-13,45.50
2013-6-14,45.50
2013-6-15,45.50
2013-6-16,45.50
2013-6-17,45.40
2013-6-18,45.40
2013-6-19,45.40
2013-6-20,45.30
2013-6-21,45.30
2013-6-22,45.20
2013-6-23,45.20
2013-6-24,45.20
2013-6-25,45.20
2013-6-26,45.10
2013-6-27,45.10
2013-6-28,45.10
2013-6-29,45.00
2013-6-30,45.00
2013-7-1,45.00
2013-7-2,45.00
2013-7-3,44.90
2013-7-4,44.90
2013-7-5,44.80
2013-7-6,44.80
2013-7-7,44.80
2013-7-8,44.80
2013-7-9,44.70
2013-7-10,44.70
2013-7-11,44.70
2013-7-12,44.70
2013-7-13,44.70
2013-7-14,44.70
2013-7-15,44.70
2013-7-16,44.70
2013-7-17,44.60
2013-7-18,44.60
2013-7-19,44.60
2013-7-20,44.50
2013-7-21,44.50
2013-7-22,44.50
2013-7-23,44.50
2013-7-24,44.70
2013-7-25,44.60
2013-7-26,44.60
2013-7-27,44.70
2013-7-28,44.70
2013-7-29,44.70
2013-7-30,44.60
2013-7-31,44.60
2013-8-1,44.60
2013-8-2,44.60
2013-8-3,44.60
2013-8-4,44.50
2013-8-5,44.50
2013-8-6,44.50
2013-8-7,44.40
2013-8-8,44.40
2013-8-9,44.40
2013-8-10,44.40
2013-8-11,44.30
2013-8-12,44.30
2013-8-13,44.30
2013-8-14,44.30
2013-8-15,44.20
2013-8-16,44.20
2013-8-17,44.20
2013-8-18,44.20
2013-8-19,44.10
2013-8-20,44.10
2013-8-21,44.10
2013-8-22,44.00
2013-8-23,44.00
2013-8-24,44.00
2013-8-25,43.90
2013-8-26,43.90
2013-8-27,43.90
2013-8-28,43.80
2013-8-29,43.80
2013-8-30,43.80
2013-8-31,
2013-9-1,43.80
2013-9-2,43.80
2013-9-3,43.70
2013-9-4,43.70
2013-9-5,43.60
2013-9-6,43.60
2013-9-7,43.60
2013-9-8,43.50
2013-9-9,43.50
2013-9-10,43.50
2013-9-11,43.50
2013-9-12,43.40
2013-9-13,43.40
2013-9-14,43.40
2013-9-15,43.40
2013-9-16,43.30
2013-9-17,43.30
2013-9-18,43.30
2013-9-19,43.20
2013-9-20,43.20
2013-9-21,43.20
2013-9-22,43.20
2013-9-23,43.10
2013-9-24,43.10
2013-9-25,43.10
2013-9-26,43.00
2013-9-27,43.00
2013-9-28,43.00
2013-9-29,43.00
2013-9-30,42.90
2013-10-1,42.90
2013-10-2,42.90
2013-10-3,42.90
2013-10-4,42.90
2013-10-5,42.80
2013-10-6,42.80
2013-10-7,42.80
2013-10-8,42.70
2013-10-9,42.70
2013-10-10,42.70
2013-10-11,42.70
2013-10-12,42.70
2013-10-13,42.70
2013-10-14,42.60
2013-10-15,42.60
2013-10-16,42.60
2013-10-17,42.60
2013-10-18,42.60
2013-10-19,42.60
2013-10-20,42.60
2013-10-21,42.50
2013-10-22,42.50
2013-10-23,42.50
2013-10-24,42.50
2013-10-25,42.50
2013-10-26,42.40
2013-10-27,42.40
2013-10-28,42.40
2013-10-29,42.40
2013-10-30,42.40
2013-10-31,42.70
2013-11-1,42.90
2013-11-2,43.10
2013-11-3,43.10
2013-11-4,43.10
2013-11-5,43.10
2013-11-6,43.10
2013-11-7,43.10
2013-11-8,43.10
2013-11-9,43.20
2013-11-10,43.20
2013-11-11,43.30
2013-11-12,43.30
2013-11-13,43.30
2013-11-14,43.30
2013-11-15,43.30
2013-11-16,43.30
2013-11-17,43.20
2013-11-18,43.20
2013-11-19,43.20
2013-11-20,43.20
2013-11-21,43.20
2013-11-22,43.20
2013-11-23,43.20
2013-11-24,43.10
2013-11-25,43.10
2013-11-26,43.20
2013-11-27,43.20
2013-11-28,43.40
2013-11-29,43.40
2013-11-30,43.40
2013-12-1,
2013-12-2,
2013-12-3,
2013-12-4,
2013-12-5,
2013-12-6,
2013-12-7,
2013-12-8,
2013-12-9,
2013-12-10,
2013-12-11,
2013-12-12,
2013-12-13,
2013-12-14,
2013-12-15,
2013-12-16,
2013-12-17,
2013-12-18,
2013-12-19,
2013-12-20,
2013-12-21,
2013-12-22,
2013-12-23,
2013-12-24,
2013-12-25,
2013-12-26,
2013-12-27,
2013-12-28,
2013-12-29,
2013-12-30,
2013-12-31,
2014-1-1,
2014-1-2,43.10
2014-1-3,43.20
2014-1-4,43.20
2014-1-5,43.20
2014-1-6,43.20
2014-1-7,43.20
2014-1-8,43.10
2014-1-9,43.10
2014-1-10,43.10
2014-1-11,43.10
2014-1-12,43.10
2014-1-13,43.10
2014-1-14,43.10
2014-1-15,43.10
2014-1-16,43.00
2014-1-17,43.00
2014-1-18,43.10
2014-1-19,43.30
2014-1-20,43.30
2014-1-21,43.30
2014-1-22,43.20
2014-1-23,43.40
2014-1-24,43.80
2014-1-25,43.90
2014-1-26,43.90
2014-1-27,43.90
2014-1-28,43.80
2014-1-29,
2014-1-30,
2014-1-31,
2014-2-1,43.70
2014-2-2,43.70
2014-2-3,43.70
2014-2-4,43.70
2014-2-5,43.70
2014-2-6,43.70
2014-2-7,43.80
2014-2-8,43.80
2014-2-9,43.80
2014-2-10,44.00
2014-2-11,44.00
2014-2-12,44.10
2014-2-13,44.10
2014-2-14,44.10
2014-2-15,44.10
2014-2-16,47.60
2014-2-17,47.30
2014-2-18,47.30
2014-2-19,47.10
2014-2-20,47.10
2014-2-21,47.10
2014-2-22,47.20
2014-2-23,47.30
2014-2-24,47.30
2014-2-25,47.50
2014-2-26,47.80
2014-2-27,47.70
2014-2-28,47.50
2014-3-1,47.40
2014-3-2,47.30
2014-3-3,47.50
2014-3-4,47.40
2014-3-5,47.40
2014-3-6,47.10
2014-3-7,47.40
2014-3-8,47.30
2014-3-9,47.20
2014-3-10,47.20
2014-3-11,47.20
2014-3-12,47.10
2014-3-13,47.10
2014-3-14,47.00
2014-3-15,47.10
2014-3-16,47.10
2014-3-17,47.00
2014-3-18,46.90
2014-3-19,46.90
2014-3-20,46.90
2014-3-21,46.90
2014-3-22,46.80
2014-3-23,46.80
2014-3-24,46.80
2014-3-25,46.70
2014-3-26,46.70
2014-3-27,46.80
2014-3-28,46.80
2014-3-29,46.70
2014-3-30,46.80
2014-3-31,46.70
2014-4-1,46.70
2014-4-2,46.70
2014-4-3,46.70
2014-4-4,46.70
2014-4-5,46.80
2014-4-6,46.80
2014-4-7,46.90
2014-4-8,47.00
2014-4-9,47.00
2014-4-10,47.00
2014-4-11,46.90
2014-4-12,46.80
2014-4-13,46.70
2014-4-14,46.70
2014-4-15,46.70
2014-4-16,46.70
2014-4-17,46.70
2014-4-18,46.70
2014-4-19,46.70
2014-4-20,46.70
2014-4-21,46.70
2014-4-22,46.70
2014-4-23,46.80
2014-4-24,46.90
2014-4-25,46.80
2014-4-26,46.80
2014-4-27,46.70
2014-4-28,46.70
2014-4-29,46.70
2014-4-30,46.70
2014-5-1,46.70
2014-5-2,46.60
2014-5-3,46.60
2014-5-4,46.60
2014-5-5,46.60
2014-5-6,46.60
2014-5-7,46.60
2014-5-8,46.60
2014-5-9,46.60
2014-5-10,46.60
2014-5-11,46.70
2014-5-12,46.70
2014-5-13,46.70
2014-5-14,46.60
2014-5-15,46.60
2014-5-16,46.60
2014-5-17,46.60
2014-5-18,46.60
2014-5-19,46.60
2014-5-20,46.50
2014-5-21,46.50
2014-5-22,46.50
2014-5-23,46.50
2014-5-24,45.50
2014-5-25,46.50
2014-5-26,46.50
2014-5-27,46.50
2014-5-28,46.50
2014-5-29,46.50
2014-5-30,46.40
2014-5-31,
2014-6-1,46.40
2014-6-2,46.40
2014-6-3,46.40
2014-6-4,46.40
2014-6-5,46.40
2014-6-6,46.40
2014-6-7,46.40
2014-6-8,46.30
2014-6-9,46.30
2014-6-10,46.30
2014-6-11,46.30
2014-6-12,46.30
2014-6-13,46.30
2014-6-14,46.30
2014-6-15,46.30
2014-6-16,46.30
2014-6-17,46.30
2014-6-18,46.20
2014-6-19,46.20
2014-6-20,46.20
2014-6-21,46.20
2014-6-22,46.20
2014-6-23,46.20
2014-6-24,46.20
2014-6-25,46.20
2014-6-26,46.10
2014-6-27,46.20
2014-6-28,46.20
2014-6-29,46.20
2014-6-30,46.20
2014-7-1,46.20
2014-7-2,46.20
2014-7-3,46.20
2014-7-4,46.20
2014-7-5,46.20
2014-7-6,46.20
2014-7-7,46.20
2014-7-8,46.20
2014-7-9,46.20
2014-7-10,46.20
2014-7-11,46.20
2014-7-12,46.20
2014-7-13,46.20
2014-7-14,46.20
2014-7-15,46.20
2014-7-16,46.20
2014-7-17,46.20
2014-7-18,46.20
2014-7-19,46.10
2014-7-20,46.10
2014-7-21,46.10
2014-7-22,46.10
2014-7-23,46.10
2014-7-24,46.00
2014-7-25,46.00
2014-7-26,46.00
2014-7-27,46.00
2014-7-28,45.90
2014-7-29,45.90
2014-7-30,45.90
2014-7-31,45.90
2014-8-1,45.90
2014-8-2,45.90
2014-8-3,45.90
2014-8-4,45.90
2014-8-5,45.80
2014-8-6,45.80
2014-8-7,45.70
2014-8-8,45.70
2014-8-9,45.70
2014-8-10,45.60
2014-8-11,45.60
2014-8-12,45.60
2014-8-13,45.60
2014-8-14,45.50
2014-8-15,45.50
2014-8-16,45.40
2014-8-17,45.40
2014-8-18,45.30
2014-8-19,45.30
2014-8-20,45.30
2014-8-21,45.30
2014-8-22,45.20
2014-8-23,45.20
2014-8-24,45.20
2014-8-25,45.10
2014-8-26,45.10
2014-8-27,45.00
2014-8-28,45.00
2014-8-29,45.00
2014-8-30,
2014-8-31,
2014-9-1,44.90
2014-9-2,44.80
2014-9-3,44.80
2014-9-4,44.80
2014-9-5,44.80
2014-9-6,44.70
2014-9-7,44.70
2014-9-8,44.70
2014-9-9,44.70
2014-9-10,44.60
2014-9-11,44.60
2014-9-12,44.60
2014-9-13,44.50
2014-9-14,44.50
2014-9-15,44.40
2014-9-16,44.40
2014-9-17,44.40
2014-9-18,44.30
2014-9-19,44.30
2014-9-20,44.30
2014-9-21,44.20
2014-9-22,44.20
2014-9-23,44.10
2014-9-24,44.10
2014-9-25,44.10
2014-9-26,44.10
2014-9-27,44.00
2014-9-28,43.90
2014-9-29,43.90
2014-9-30,43.90
2014-10-1,43.90
2014-10-2,43.90
2014-10-3,43.90
2014-10-4,43.60
2014-10-5,44.30
2014-10-6,44.30
2014-10-7,44.50
2014-10-8,44.60
2014-10-9,44.60
2014-10-10,44.60
2014-10-11,44.60
2014-10-12,44.60
2014-10-13,44.50
2014-10-14,44.50
2014-10-15,44.40
2014-10-16,44.40
2014-10-17,44.40
2014-10-18,44.30
2014-10-19,44.30
2014-10-20,44.20
2014-10-21,44.20
2014-10-22,44.20
2014-10-23,44.10
2014-10-24,44.10
2014-10-25,44.00
2014-10-26,44.00
2014-10-27,43.90
2014-10-28,43.90
2014-10-29,43.90
2014-10-30,43.90
2014-10-31,43.90
2014-11-1,43.80
2014-11-2,43.80
2014-11-3,43.80
2014-11-4,43.70
2014-11-5,43.70
2014-11-6,43.60
2014-11-7,43.60
2014-11-8,43.60
2014-11-9,43.50
2014-11-10,43.50
2014-11-11,43.50
2014-11-12,43.40
2014-11-13,43.40
2014-11-14,43.40
2014-11-15,43.30
2014-11-16,43.30
2014-11-17,43.20
2014-11-18,43.10
2014-11-19,43.10
2014-11-20,43.10
2014-11-21,43.10
2014-11-22,43.20
2014-11-23,43.20
2014-11-24,43.20
2014-11-25,43.20
2014-11-26,43.10
2014-11-27,43.10
2014-11-28,43.00
2014-11-29,43.00
2014-11-30,43.00
2014-12-1,
2014-12-2,42.80
2014-12-3,
2014-12-4,
2014-12-5,43.20
2014-12-6,
2014-12-7,43.40
2014-12-8,
2014-12-9,43.40
2014-12-10,
2014-12-11,
2014-12-12,43.70
2014-12-13,43.80
2014-12-14,44.00
2014-12-15,44.10
2014-12-16,44.20
2014-12-17,44.40
2014-12-18,44.50
2014-12-19,44.60
2014-12-20,44.60
2014-12-21,44.70
2014-12-22,44.70
2014-12-23,44.70
2014-12-24,
2014-12-25,
2014-12-26,44.90
2014-12-27,45.30
2014-12-28,45.60
2014-12-29,45.60
2014-12-30,45.60
2014-12-31,
2015-1-1,
2015-1-2,42.80
2015-1-3,
2015-1-4,
2015-1-5,43.20
2015-1-6,
2015-1-7,43.40
2015-1-8,
2015-1-9,43.40
2015-1-10,
2015-1-11,
2015-1-12,43.70
2015-1-13,43.80
2015-1-14,44.00
2015-1-15,44.10
2015-1-16,44.20
2015-1-17,44.40
2015-1-18,44.50
2015-1-19,44.60
2015-1-20,44.60
2015-1-21,44.70
2015-1-22,44.70
2015-1-23,44.70
2015-1-24,
2015-1-25,
2015-1-26,44.90
2015-1-27,45.30
2015-1-28,45.60
2015-1-29,45.60
2015-1-30,45.60
2015-1-31,
2015-2-1,45.60
2015-2-2,45.60
2015-2-3,45.80
2015-2-4,45.90
2015-2-5,46.00
2015-2-6,46.10
2015-2-7,46.00
2015-2-8,46.30
2015-2-9,46.40
2015-2-10,46.40
2015-2-11,46.60
2015-2-12,46.60
2015-2-13,46.70
2015-2-14,46.70
2015-2-15,46.70
2015-2-16,46.90
2015-2-17,46.90
2015-2-18,47.00
2015-2-19,47.20
2015-2-20,47.10
2015-2-21,47.00
2015-2-22,47.00
2015-2-23,47.00
2015-2-24,46.90
2015-2-25,47.00
2015-2-26,47.10
2015-2-27,47.10
2015-2-28,47.10
2015-3-1,47.50
2015-3-2,47.50
2015-3-3,47.50
2015-3-4,47.50
2015-3-5,47.40
2015-3-6,47.20
2015-3-7,47.10
2015-3-8,47.00
2015-3-9,47.00
2015-3-10,46.90
2015-3-11,46.90
2015-3-12,46.90
2015-3-13,46.80
2015-3-14,46.80
2015-3-15,46.90
2015-3-16,46.90
2015-3-17,46.80
2015-3-18,46.90
2015-3-19,46.90
2015-3-20,46.90
2015-3-21,46.90
2015-3-22,46.80
2015-3-23,46.80
2015-3-24,46.80
2015-3-25,46.80
2015-3-26,46.80
2015-3-27,46.80
2015-3-28,46.70
2015-3-29,46.70
2015-3-30,46.70
2015-3-31,46.70
2015-4-1,46.70
2015-4-2,46.70
2015-4-3,46.70
2015-4-4,46.60
2015-4-5,46.70
2015-4-6,46.70
2015-4-7,46.70
2015-4-8,46.70
2015-4-9,46.70
2015-4-10,46.70
2015-4-11,46.70
2015-4-12,46.60
2015-4-13,46.60
2015-4-14,46.60
2015-4-15,46.50
2015-4-16,46.50
2015-4-17,46.60
2015-4-18,46.50
2015-4-19,46.50
2015-4-20,46.50
2015-4-21,46.50
2015-4-22,46.50
2015-4-23,46.50
2015-4-24,46.50
2015-4-25,46.50
2015-4-26,46.50
2015-4-27,46.50
2015-4-28,46.50
2015-4-29,46.50
2015-4-30,46.50
2015-5-1,46.60
2015-5-2,46.60
2015-5-3,46.60
2015-5-4,46.50
2015-5-5,46.50
2015-5-6,46.50
2015-5-7,46.40
2015-5-8,46.40
2015-5-9,46.50
2015-5-10,46.40
2015-5-11,46.40
2015-5-12,46.40
2015-5-13,46.30
2015-5-14,46.30
2015-5-15,46.20
2015-5-16,46.20
2015-5-17,46.20
2015-5-18,46.10
2015-5-19,46.10
2015-5-20,46.10
2015-5-21,46.00
2015-5-22,46.00
2015-5-23,46.00
2015-5-24,46.00
2015-5-25,45.90
2015-5-26,45.90
2015-5-27,45.90
2015-5-28,45.80
2015-5-29,45.80
2015-5-30,45.70
2015-5-31,45.70
2015-6-1,45.70
2015-6-2,45.70
2015-6-3,45.60
2015-6-4,45.60
2015-6-5,45.60
2015-6-6,45.60
2015-6-7,45.50
2015-6-8,45.50
2015-6-9,45.50
2015-6-10,45.40
2015-6-11,45.40
2015-6-12,45.40
2015-6-13,45.30
2015-6-14,45.30
2015-6-15,45.30
2015-6-16,45.40
2015-6-17,45.40
2015-6-18,45.30
2015-6-19,45.30
2015-6-20,45.30
2015-6-21,45.30
2015-6-22,45.20
2015-6-23,45.20
2015-6-24,45.20
2015-6-25,45.20
2015-6-26,45.30
2015-6-27,45.30
2015-6-28,45.30
2015-6-29,45.30
2015-6-30,45.30
2015-7-1,45.30
2015-7-2,45.20
2015-7-3,45.20
2015-7-4,45.20
2015-7-5,45.20
2015-7-6,45.20
2015-7-7,45.20
2015-7-8,45.20
2015-7-9,45.20
2015-7-10,45.20
2015-7-11,45.10
2015-7-12,45.10
2015-7-13,45.10
2015-7-14,45.10
2015-7-15,45.10
2015-7-16,45.00
2015-7-17,45.00
2015-7-18,45.00
2015-7-19,45.00
2015-7-20,45.00
2015-7-21,45.00
2015-7-22,45.00
2015-7-23,44.90
2015-7-24,44.90
2015-7-25,44.90
2015-7-26,44.90
2015-7-27,44.90
2015-7-28,44.90
2015-7-29,44.80
2015-7-30,44.80
2015-7-31,44.80
2015-8-1,44.80
2015-8-2,44.80
2015-8-3,44.80
2015-8-4,44.70
2015-8-5,44.70
2015-8-6,44.70
2015-8-7,44.70
2015-8-8,44.70
2015-8-9,44.70
2015-8-10,44.60
2015-8-11,44.60
2015-8-12,44.60
2015-8-13,44.60
2015-8-14,44.60
2015-8-15,44.60
2015-8-16,44.50
2015-8-17,44.50
2015-8-18,44.50
2015-8-19,44.50
2015-8-20,44.40
2015-8-21,44.40
2015-8-22,44.40
2015-8-23,44.40
2015-8-24,44.40
2015-8-25,44.30
2015-8-26,44.30
2015-8-27,44.30
2015-8-28,44.30
2015-8-29,44.30
2015-8-30,44.30
2015-8-31,44.20
2015-9-1,44.20
2015-9-2,44.20
2015-9-3,44.20
2015-9-4,44.20
2015-9-5,44.10
2015-9-6,44.10
2015-9-7,44.10
2015-9-8,44.00
2015-9-9,44.00
2015-9-10,44.00
2015-9-11,44.00
2015-9-12,44.00
2015-9-13,43.90
2015-9-14,43.90
2015-9-15,43.90
2015-9-16,43.90
2015-9-17,43.80
2015-9-18,43.80
2015-9-19,43.80
2015-9-20,43.80
2015-9-21,43.80
2015-9-22,43.70
2015-9-23,43.70
2015-9-24,43.70
2015-9-25,43.70
2015-9-26,43.60
2015-9-27,43.60
2015-9-28,43.60
2015-9-29,43.60
2015-9-30,43.60
2015-10-1,43.50
2015-10-2,43.50
2015-10-3,43.50
2015-10-4,43.50
2015-10-5,43.50
2015-10-6,43.50
2015-10-7,43.40
2015-10-8,43.40
2015-10-9,43.40
2015-10-10,43.40
2015-10-11,43.40
2015-10-12,43.40
2015-10-13,43.40
2015-10-14,43.20
2015-10-15,43.20
2015-10-16,43.20
2015-10-17,43.20
2015-10-18,43.20
2015-10-19,43.20
2015-10-20,43.10
2015-10-21,43.10
2015-10-22,43.10
2015-10-23,43.10
2015-10-24,43.10
2015-10-25,43.00
2015-10-26,43.00
2015-10-27,43.00
2015-10-28,43.00
2015-10-29,43.00
2015-10-30,43.00
2015-10-31,43.00
2015-11-1,43.20
2015-11-2,43.30
2015-11-3,43.30
2015-11-4,43.40
2015-11-5,43.60
2015-11-6,43.80
2015-11-7,43.90
2015-11-8,44.00
2015-11-9,44.20
2015-11-10,44.40
2015-11-11,44.40
2015-11-12,44.40
2015-11-13,44.50
2015-11-14,44.60
2015-11-15,44.60
2015-11-16,44.60
2015-11-17,44.70
2015-11-18,44.70
2015-11-19,44.70
2015-11-20,44.80
2015-11-21,44.80
2015-11-22,44.70
2015-11-23,44.70
2015-11-24,44.70
2015-11-25,44.70
2015-11-26,44.70
2015-11-27,44.70
2015-11-28,44.70
2015-11-29,44.60
2015-11-30,44.60
2015-12-1,44.70
2015-12-2,44.60
2015-12-3,44.60
2015-12-4,44.60
2015-12-5,44.60
2015-12-6,44.60
2015-12-7,44.60
2015-12-8,44.50
2015-12-9,44.50
2015-12-10,44.50
2015-12-11,44.50
2015-12-12,44.40
2015-12-13,44.30
2015-12-14,44.30
2015-12-15,44.20
2015-12-16,44.10
2015-12-17,44.10
2015-12-18,44.10
2015-12-19,44.00
2015-12-20,43.90
2015-12-21,43.80
2015-12-22,43.80
2015-12-23,43.70
2015-12-24,
2015-12-25,
2015-12-26,
2015-12-27,
2015-12-28,43.40
2015-12-29,44.30
2015-12-30,44.20
2015-12-31,
2016-1-1,43.20
2016-1-2,43.10
2016-1-3,43.10
2016-1-4,43.50
2016-1-5,43.60
2016-1-6,44.00
2016-1-7,44.10
2016-1-8,44.50
2016-1-9,44.70
2016-1-10,45.00
2016-1-11,45.40
2016-1-12,45.80
2016-1-13,45.80
2016-1-14,45.90
2016-1-15,46.10
2016-1-16,46.10
2016-1-17,46.10
2016-1-18,46.10
2016-1-19,46.10
2016-1-20,46.00
2016-1-21,46.00
2016-1-22,45.90
2016-1-23,45.80
2016-1-24,45.80
2016-1-25,45.70
2016-1-26,45.60
2016-1-27,45.50
2016-1-28,45.40
2016-1-29,45.30
2016-1-30,45.20
2016-1-31,45.10
2016-2-1,45.10
2016-2-2,45.00
2016-2-3,44.80
2016-2-4,44.70
2016-2-5,44.60
2016-2-6,44.70
2016-2-7,44.80
2016-2-8,44.80
2016-2-9,44.80
2016-2-10,44.80
2016-2-11,44.90
2016-2-12,44.90
2016-2-13,45.00
2016-2-14,45.20
2016-2-15,45.20
2016-2-16,45.20
2016-2-17,45.20
2016-2-18,45.20
2016-2-19,45.20
2016-2-20,45.60
2016-2-21,45.70
2016-2-22,45.80
2016-2-23,45.90
2016-2-24,46.00
2016-2-25,46.00
2016-2-26,46.00
2016-2-27,46.00
2016-2-28,46.00
2016-2-29,46.00
2016-3-1,46.10
2016-3-2,46.30
2016-3-3,46.30
2016-3-4,46.20
2016-3-5,46.20
2016-3-6,46.20
2016-3-7,46.10
2016-3-8,46.40
2016-3-9,46.70
2016-3-10,46.70
2016-3-11,46.70
2016-3-12,46.80
2016-3-13,46.70
2016-3-14,46.70
2016-3-15,46.60
2016-3-16,46.60
2016-3-17,46.50
2016-3-18,46.50
2016-3-19,46.50
2016-3-20,46.50
2016-3-21,46.50
2016-3-22,46.40
2016-3-23,46.40
2016-3-24,46.30
2016-3-25,46.20
2016-3-26,46.10
2016-3-27,46.00
2016-3-28,46.00
2016-3-29,45.90
2016-3-30,45.80
2016-3-31,45.80
2016-4-1,45.80
2016-4-2,45.80
2016-4-3,45.80
2016-4-4,45.80
2016-4-5,45.70
2016-4-6,45.80
2016-4-7,45.90
2016-4-8,45.90
2016-4-9,45.90
2016-4-10,46.00
2016-4-11,46.10
2016-4-12,46.10
2016-4-13,46.20
2016-4-14,46.30
2016-4-15,46.20
2016-4-16,46.30
2016-4-17,46.30
2016-4-18,46.30
2016-4-19,46.20
2016-4-20,46.20
2016-4-21,46.20
2016-4-22,46.20
2016-4-23,46.10
2016-4-24,46.10
2016-4-25,46.00
2016-4-26,46.00
2016-4-27,45.90
2016-4-28,45.90
2016-4-29,45.80
2016-4-30,45.80
2016-5-1,45.80
2016-5-2,45.80
2016-5-3,45.80
2016-5-4,45.80
2016-5-5,45.80
2016-5-6,45.90
2016-5-7,45.80
2016-5-8,45.80
2016-5-9,45.80
2016-5-10,45.80
2016-5-11,45.80
2016-5-12,45.80
2016-5-13,45.90
2016-5-14,46.00
2016-5-15,46.00
2016-5-16,46.00
2016-5-17,46.10
2016-5-18,46.10
2016-5-19,46.20
2016-5-20,46.30
2016-5-21,46.30
2016-5-22,46.30
2016-5-23,46.20
2016-5-24,46.20
2016-5-25,46.10
2016-5-26,46.10
2016-5-27,46.10
2016-5-28,46.00
2016-5-29,46.00
2016-5-30,46.00
2016-5-31,46.00
2016-6-1,46.00
2016-6-2,46.00
2016-6-3,46.00
2016-6-4,46.10
2016-6-5,46.20
2016-6-6,46.20
2016-6-7,46.20
2016-6-8,46.20
2016-6-9,46.10
2016-6-10,46.10
2016-6-11,46.10
2016-6-12,46.10
2016-6-13,46.20
2016-6-14,46.10
2016-6-15,46.10
2016-6-16,46.00
2016-6-17,46.00
2016-6-18,45.90
2016-6-19,45.90
2016-6-20,45.80
2016-6-21,45.80
2016-6-22,45.80
2016-6-23,45.70
2016-6-24,45.70
2016-6-25,45.70
2016-6-26,45.60
2016-6-27,45.60
2016-6-28,45.60
2016-6-29,45.60
2016-6-30,45.60
2016-7-1,45.60
2016-7-2,45.60
2016-7-3,45.60
2016-7-4,45.60
2016-7-5,45.60
2016-7-6,45.60
2016-7-7,45.60
2016-7-8,
2016-7-9,
2016-7-10,
2016-7-11,45.70
2016-7-12,45.70
2016-7-13,
2016-7-14,45.70
2016-7-15,45.70
2016-7-16,
2016-7-17,
2016-7-18,
2016-7-19,
2016-7-20,
2016-7-21,45.60
2016-7-22,45.60
2016-7-23,
2016-7-24,
2016-7-25,45.50
2016-7-26,45.40
2016-7-27,45.40
2016-7-28,45.40
2016-7-29,45.40
2016-7-30,
2016-7-31,
2016-8-1,45.20
2016-8-2,45.20
2016-8-3,45.10
2016-8-4,45.10
2016-8-5,45.00
2016-8-6,44.90
2016-8-7,44.80
2016-8-8,44.80
2016-8-9,44.80
2016-8-10,44.70
2016-8-11,44.70
2016-8-12,44.60
2016-8-13,44.60
2016-8-14,44.50
2016-8-15,44.40
2016-8-16,44.40
2016-8-17,44.40
2016-8-18,44.40
2016-8-19,44.50
2016-8-20,44.50
2016-8-21,44.50
2016-8-22,44.50
2016-8-23,44.50
2016-8-24,44.50
2016-8-25,44.50
2016-8-26,44.50
2016-8-27,44.40
2016-8-28,44.40
2016-8-29,44.40
2016-8-30,44.40
2016-8-31,44.30
2016-9-1,44.30
2016-9-2,44.30
2016-9-3,44.30
2016-9-4,44.20
2016-9-5,44.20
2016-9-6,44.10
2016-9-7,44.10
2016-9-8,44.10
2016-9-9,44.00
2016-9-10,44.00
2016-9-11,44.00
2016-9-12,43.90
2016-9-13,43.90
2016-9-14,43.80
2016-9-15,43.80
2016-9-16,43.70
2016-9-17,43.70
2016-9-18,43.60
2016-9-19,43.60
2016-9-20,43.50
2016-9-21,43.50
2016-9-22,43.50
2016-9-23,43.40
2016-9-24,43.30
2016-9-25,43.30
2016-9-26,43.20
2016-9-27,43.10
2016-9-28,43.10
2016-9-29,43.00
2016-9-30,42.90
2016-10-1,42.90
2016-10-2,42.80
2016-10-3,42.80
2016-10-4,42.70
2016-10-5,42.70
2016-10-6,42.70
2016-10-7,42.70
2016-10-8,42.60
2016-10-9,42.60
2016-10-10,42.50
2016-10-11,42.50
2016-10-12,42.40
2016-10-13,42.40
2016-10-14,42.40
2016-10-15,42.40
2016-10-16,42.40
2016-10-17,42.30
2016-10-18,42.40
2016-10-19,42.40
2016-10-20,42.40
2016-10-21,42.40
2016-10-22,42.40
2016-10-23,42.40
2016-10-24,42.40
2016-10-25,42.40
2016-10-26,42.40
2016-10-27,42.40
2016-10-28,42.40
2016-10-29,42.40
2016-10-30,42.40
2016-10-31,42.40
2016-11-1,42.40
2016-11-2,42.40
2016-11-3,42.40
2016-11-4,42.40
2016-11-5,42.40
2016-11-6,42.40
2016-11-7,42.40
2016-11-8,42.40
2016-11-9,42.40
2016-11-10,42.40
2016-11-11,42.40
2016-11-12,42.40
2016-11-13,42.40
2016-11-14,42.30
2016-11-15,42.30
2016-11-16,42.30
2016-11-17,42.30
2016-11-18,42.40
2016-11-19,42.40
2016-11-20,42.40
2016-11-21,42.40
2016-11-22,42.30
2016-11-23,42.30
2016-11-24,42.30
2016-11-25,42.30
2016-11-26,42.40
2016-11-27,42.40
2016-11-28,42.40
2016-11-29,42.40
2016-11-30,42.40
2016-12-1,42.40
2016-12-2,42.40
2016-12-3,42.40
2016-12-4,42.40
2016-12-5,42.40
2016-12-6,42.40
2016-12-7,42.40
2016-12-8,42.50
2016-12-9,42.60
2016-12-10,42.60
2016-12-11,42.70
2016-12-12,42.70
2016-12-13,42.70
2016-12-14,42.70
2016-12-15,42.70
2016-12-16,42.70
2016-12-17,42.70
2016-12-18,42.70
2016-12-19,42.70
2016-12-20,42.70
2016-12-21,42.70
2016-12-22,42.70
2016-12-23,42.70
2016-12-24,42.70
2016-12-25,42.70
2016-12-26,42.70
2016-12-27,42.70
2016-12-28,42.70
2016-12-29,42.70
2016-12-30,42.70
2016-12-31,42.70
2017-1-1,42.70
2017-1-2,42.80
2017-1-3,42.70
2017-1-4,42.90
2017-1-5,42.90
2017-1-6,42.90
2017-1-7,42.90
2017-1-8,42.90
2017-1-9,43.40
2017-1-10,43.50
2017-1-11,43.60
2017-1-12,43.60
2017-1-13,43.60
2017-1-14,43.70
2017-1-15,43.70
2017-1-16,43.70
2017-1-17,43.80
2017-1-18,43.80
2017-1-19,43.80
2017-1-20,43.90
2017-1-21,43.90
2017-1-22,43.90
2017-1-23,43.90
2017-1-24,43.90
2017-1-25,43.90
2017-1-26,44.00
2017-1-27,44.00
2017-1-28,43.80
2017-1-29,43.80
2017-1-30,43.80
2017-1-31,43.70
2017-2-1,43.70
2017-2-2,43.60
2017-2-3,43.60
2017-2-4,43.60
2017-2-5,43.60
2017-2-6,43.60
2017-2-7,43.50
2017-2-8,43.50
2017-2-9,43.50
2017-2-10,43.50
2017-2-11,43.50
2017-2-12,43.60
2017-2-13,43.60
2017-2-14,43.60
2017-2-15,43.60
2017-2-16,43.60
2017-2-17,43.60
2017-2-18,43.80
2017-2-19,44.10
2017-2-20,44.20
2017-2-21,44.20
2017-2-22,44.30
2017-2-23,44.50
2017-2-24,44.80
2017-2-25,45.00
2017-2-26,45.00
2017-2-27,45.00
2017-2-28,45.00
2017-3-1,45.00
2017-3-2,44.90
2017-3-3,44.90
2017-3-4,44.90
2017-3-5,44.90
2017-3-6,44.90
2017-3-7,44.90
2017-3-8,44.80
2017-3-9,44.80
2017-3-10,44.80
2017-3-11,44.80
2017-3-12,44.80
2017-3-13,44.80
2017-3-14,44.80
2017-3-15,44.70
2017-3-16,44.70
2017-3-17,44.70
2017-3-18,44.70
2017-3-19,44.70
2017-3-20,44.70
2017-3-21,44.70
2017-3-22,44.70
2017-3-23,44.70
2017-3-24,44.70
2017-3-25,44.70
2017-3-26,44.70
2017-3-27,44.70
2017-3-28,44.70
2017-3-29,44.80
2017-3-30,44.90
2017-3-31,44.90
2017-4-1,45.10
2017-4-2,45.20
2017-4-3,45.70
2017-4-4,45.60
2017-4-5,45.60
2017-4-6,45.80
2017-4-7,45.80
2017-4-8,45.80
2017-4-9,45.70
2017-4-10,45.60
2017-4-11,45.50
2017-4-12,45.50
2017-4-13,45.50
2017-4-14,45.40
2017-4-15,45.40
2017-4-16,45.40
2017-4-17,45.40
2017-4-18,45.30
2017-4-19,45.30
2017-4-20,45.30
2017-4-21,45.30
2017-4-22,45.30
2017-4-23,45.40
2017-4-24,45.40
2017-4-25,45.40
2017-4-26,45.50
2017-4-27,45.70
2017-4-28,45.70
2017-4-29,45.70
2017-4-30,45.70
2017-5-1,45.80
2017-5-2,45.80
2017-5-3,45.80
2017-5-4,45.80
2017-5-5,45.80
2017-5-6,45.90
2017-5-7,45.90
2017-5-8,45.90
2017-5-9,45.90
2017-5-10,45.90
2017-5-11,45.90
2017-5-12,45.90
2017-5-13,45.90
2017-5-14,45.90
2017-5-15,45.80
2017-5-16,45.80
2017-5-17,45.80
2017-5-18,45.80
2017-5-19,45.70
2017-5-20,45.70
2017-5-21,45.70
2017-5-22,45.70
2017-5-23,45.60
2017-5-24,45.60
2017-5-25,45.62
2017-5-26,45.60
2017-5-27,45.60
2017-5-28,45.60
2017-5-29,45.50
2017-5-30,45.50
2017-5-31,45.50
2017-6-1,45.50
2017-6-2,45.40
2017-6-3,45.40
2017-6-4,45.40
2017-6-5,45.30
2017-6-6,45.30
2017-6-7,45.30
2017-6-8,45.20
2017-6-9,45.20
2017-6-10,45.20
2017-6-11,45.20
2017-6-12,45.10
2017-6-13,45.10
2017-6-14,45.10
2017-6-15,45.10
2017-6-16,45.10
2017-6-17,45.00
2017-6-18,45.00
2017-6-19,45.00
2017-6-20,45.00
2017-6-21,45.00
2017-6-22,45.00
2017-6-23,45.00
2017-6-24,45.00
2017-6-25,45.00
2017-6-26,45.00
2017-6-27,45.00
2017-6-28,45.00
2017-6-29,45.00
2017-6-30,45.00
2017-7-1,45.00
2017-7-2,45.00
2017-7-3,45.00
2017-7-4,45.00
2017-7-5,45.00
2017-7-6,44.90
2017-7-7,44.90
2017-7-8,44.90
2017-7-9,44.90
2017-7-10,44.90
2017-7-11,44.90
2017-7-12,44.90
2017-7-13,44.90
2017-7-14,44.90
2017-7-15,44.80
2017-7-16,44.80
2017-7-17,44.80
2017-7-18,44.80
2017-7-19,44.80
2017-7-20,44.80
2017-7-21,44.70
2017-7-22,44.70
2017-7-23,44.70
2017-7-24,44.70
2017-7-25,44.70
2017-7-26,44.70
2017-7-27,44.70
2017-7-28,44.70
2017-7-29,44.70
2017-7-30,44.70
2017-7-31,44.60
2017-8-1,44.60
2017-8-2,44.60
2017-8-3,44.60
2017-8-4,44.50
2017-8-5,44.50
2017-8-6,44.50
2017-8-7,44.50
2017-8-8,44.50
2017-8-9,44.50
2017-8-10,44.50
2017-8-11,44.40
2017-8-12,44.40
2017-8-13,44.40
2017-8-14,44.40
2017-8-15,44.40
2017-8-16,44.40
2017-8-17,44.40
2017-8-18,44.30
2017-8-19,44.30
2017-8-20,44.30
2017-8-21,44.30
2017-8-22,44.30
2017-8-23,44.20
2017-8-24,44.20
2017-8-25,44.20
2017-8-26,44.20
2017-8-27,44.20
2017-8-28,44.20
2017-8-29,44.10
2017-8-30,44.10
2017-8-31,44.10
2017-9-1,44.10
2017-9-2,44.00
2017-9-3,44.00
2017-9-4,44.00
2017-9-5,44.00
2017-9-6,44.00
2017-9-7,44.00
2017-9-8,44.00
2017-9-9,43.90
2017-9-10,43.90
2017-9-11,43.90
2017-9-12,43.90
2017-9-13,43.90
2017-9-14,43.90
2017-9-15,43.80
2017-9-16,43.80
2017-9-17,43.80
2017-9-18,43.80
2017-9-19,43.80
2017-9-20,43.80
2017-9-21,43.80
2017-9-22,43.80
2017-9-23,43.80
2017-9-24,43.70
2017-9-25,43.70
2017-9-26,43.70
2017-9-27,43.70
2017-9-28,43.70
2017-9-29,43.70
2017-9-30,43.70
2017-10-1,43.60
2017-10-2,43.60
2017-10-3,43.60
2017-10-4,43.60
2017-10-5,43.60
2017-10-6,43.60
2017-10-7,43.60
2017-10-8,43.50
2017-10-9,43.50
2017-10-10,43.50
2017-10-11,43.50
2017-10-12,43.50
2017-10-13,43.50
2017-10-14,43.50
2017-10-15,43.50
2017-10-16,43.50
2017-10-17,43.50
2017-10-18,43.50
2017-10-19,43.40
2017-10-20,43.40
2017-10-21,43.40
2017-10-22,43.40
2017-10-23,43.40
2017-10-24,43.30
2017-10-25,43.30
2017-10-26,43.30
2017-10-27,43.40
2017-10-28,43.40
2017-10-29,43.40
2017-10-30,43.40
2017-10-31,43.40
2017-11-1,43.40
2017-11-2,43.40
2017-11-3,43.40
2017-11-4,43.40
2017-11-5,43.30
2017-11-6,43.30
2017-11-7,43.30
2017-11-8,43.40
2017-11-9,43.50
2017-11-10,43.50
2017-11-11,43.50
2017-11-12,43.60
2017-11-13,43.70
2017-11-14,43.70
2017-11-15,43.70
2017-11-16,43.80
2017-11-17,43.70
2017-11-18,43.80
2017-11-19,43.80
2017-11-20,43.80
2017-11-21,43.80
2017-11-22,43.80
2017-11-23,43.80
2017-11-24,43.80
2017-11-25,43.80
2017-11-26,43.80
2017-11-27,43.80
2017-11-28,43.70
2017-11-29,43.70
2017-11-30,43.70
2017-12-1,43.70
2017-12-2,43.70
2017-12-3,43.70
2017-12-4,43.70
2017-12-5,43.70
2017-12-6,43.70
2017-12-7,43.70
2017-12-8,43.60
2017-12-9,43.60
2017-12-10,43.60
2017-12-11,43.60
2017-12-12,43.60
2017-12-13,43.50
2017-12-14,43.50
2017-12-15,43.40
2017-12-16,43.40
2017-12-17,43.30
2017-12-18,43.30
2017-12-19,43.30
2017-12-20,43.30
2017-12-21,43.20
2017-12-22,43.30
2017-12-23,43.30
2017-12-24,43.30
2017-12-25,43.30
2017-12-26,43.30
2017-12-27,43.30
2017-12-28,43.30
2017-12-29,43.20
2017-12-30,
2017-12-31,
2018-1-1,
2018-1-2,43.40
2018-1-3,43.50
2018-1-4,43.50
2018-1-5,43.50
2018-1-6,43.60
2018-1-7,43.60
2018-1-8,43.60
2018-1-9,43.60
2018-1-10,43.60
2018-1-11,43.70
2018-1-12,43.70
2018-1-13,44.00
2018-1-14,44.20
2018-1-15,44.50
2018-1-16,44.60
2018-1-17,44.60
2018-1-18,45.00
2018-1-19,45.10
2018-1-20,45.10
2018-1-21,45.20
2018-1-22,45.30
2018-1-23,45.20
2018-1-24,45.30
2018-1-25,45.30
2018-1-26,45.20
2018-1-27,45.20
2018-1-28,45.20
2018-1-29,45.10
2018-1-30,45.00
2018-1-31,44.90
2018-2-1,44.80
2018-2-2,44.80
2018-2-3,44.80
2018-2-4,44.70
2018-2-5,44.70
2018-2-6,44.70
2018-2-7,44.60
2018-2-8,44.70
2018-2-9,44.80
2018-2-10,44.80
2018-2-11,44.90
2018-2-12,44.90
2018-2-13,45.00
2018-2-14,45.00
2018-2-15,45.00
2018-2-16,45.00
2018-2-17,45.00
2018-2-18,45.00
2018-2-19,45.00
2018-2-20,45.10
2018-2-21,45.20
2018-2-22,45.30
2018-2-23,45.30
2018-2-24,45.40
2018-2-25,45.50
2018-2-26,45.50
2018-2-27,45.60
2018-2-28,45.60
2018-3-1,45.60
2018-3-2,45.60
2018-3-3,45.60
2018-3-4,45.70
2018-3-5,45.70
2018-3-6,45.70
2018-3-7,45.70
2018-3-8,45.70
2018-3-9,45.80
2018-3-10,45.80
2018-3-11,45.90
2018-3-12,45.90
2018-3-13,45.90
2018-3-14,45.90
2018-3-15,45.90
2018-3-16,45.90
2018-3-17,45.90
2018-3-18,45.80
2018-3-19,45.80
2018-3-20,45.80
2018-3-21,45.80
2018-3-22,45.70
2018-3-23,45.70
2018-3-24,45.70
2018-3-25,45.70
2018-3-26,45.70
2018-3-27,45.70
2018-3-28,45.60
2018-3-29,45.60
2018-3-30,45.60
2018-3-31,45.60
2018-4-1,45.60
2018-4-2,45.60
2018-4-3,45.60
2018-4-4,45.60
2018-4-5,45.60
2018-4-6,45.60
2018-4-7,45.70
2018-4-8,45.70
2018-4-9,45.80
2018-4-10,45.80
2018-4-11,45.80
2018-4-12,45.80
2018-4-13,45.80
2018-4-14,45.80
2018-4-15,45.80
2018-4-16,45.80
2018-4-17,45.80
2018-4-18,45.80
2018-4-19,45.80
2018-4-20,45.80
2018-4-21,45.80
2018-4-22,45.80
2018-4-23,45.80
2018-4-24,45.70
2018-4-25,45.70
2018-4-26,45.70
2018-4-27,45.70
2018-4-28,45.70
2018-4-29,45.70
2018-4-30,45.70
2018-5-1,45.70
2018-5-2,45.70
2018-5-3,45.70
2018-5-4,45.60
2018-5-5,45.60
2018-5-6,45.60
2018-5-7,45.60
2018-5-8,45.60
2018-5-9,45.60
2018-5-10,45.70
2018-5-11,45.70
2018-5-12,45.70
2018-5-13,45.70
2018-5-14,45.80
2018-5-15,45.80
2018-5-16,45.80
2018-5-17,45.80
2018-5-18,45.80
2018-5-19,45.80
2018-5-20,45.90
2018-5-21,45.90
2018-5-22,45.90
2018-5-23,45.90
2018-5-24,46.00
2018-5-25,46.00
2018-5-26,46.00
2018-5-27,45.90
2018-5-28,45.90
2018-5-29,45.90
2018-5-30,45.90
2018-5-31,45.80
2018-6-1,45.80
2018-6-2,45.80
2018-6-3,45.80
2018-6-4,45.70
2018-6-5,45.80
2018-6-6,45.80
2018-6-7,45.70
2018-6-8,45.70
2018-6-9,45.70
2018-6-10,45.70
2018-6-11,45.60
2018-6-12,45.60
2018-6-13,45.60
2018-6-14,45.60
2018-6-15,45.60
2018-6-16,45.50
2018-6-17,45.40
2018-6-18,45.40
2018-6-19,45.40
2018-6-20,45.40
2018-6-21,45.30
2018-6-22,45.30
2018-6-23,45.30
2018-6-24,45.30
2018-6-25,45.20
2018-6-26,45.20
2018-6-27,45.10
2018-6-28,45.10
2018-6-29,45.10
2018-6-30,45.00
2018-7-1,45.00
2018-7-2,45.00
2018-7-3,45.00
2018-7-4,44.90
2018-7-5,44.90
2018-7-6,44.90
2018-7-7,44.80
2018-7-8,44.80
2018-7-9,44.80
2018-7-10,44.80
2018-7-11,44.70
2018-7-12,44.70
2018-7-13,44.70
2018-7-14,44.70
2018-7-15,44.60
2018-7-16,44.60
2018-7-17,44.60
2018-7-18,44.50
2018-7-19,44.50
2018-7-20,44.50
2018-7-21,44.50
2018-7-22,44.50
2018-7-23,44.50
2018-7-24,44.50
2018-7-25,44.40
2018-7-26,44.40
2018-7-27,44.40
2018-7-28,44.40
2018-7-29,44.30
2018-7-30,44.30
2018-7-31,44.30
2018-8-1,44.30
2018-8-2,44.30
2018-8-3,44.30
2018-8-4,44.30
2018-8-5,44.40
2018-8-6,44.50
2018-8-7,44.50
2018-8-8,44.50
2018-8-9,44.40
2018-8-10,44.40
2018-8-11,44.40
2018-8-12,44.40
2018-8-13,44.30
2018-8-14,44.30
2018-8-15,44.30
2018-8-16,44.20
2018-8-17,44.20
2018-8-18,44.20
2018-8-19,44.10
2018-8-20,44.10
2018-8-21,44.00
2018-8-22,44.00
2018-8-23,43.90
2018-8-24,43.90
2018-8-25,43.80
2018-8-26,43.80
2018-8-27,43.80
2018-8-28,43.80
2018-8-29,43.70
2018-8-30,43.70
2018-8-31,43.60
2018-9-1,43.60
2018-9-2,43.60
2018-9-3,43.60
2018-9-4,43.60
2018-9-5,43.60
2018-9-6,43.60
2018-9-7,43.60
2018-9-8,43.60
2018-9-9,43.70
2018-9-10,43.70
2018-9-11,43.60
2018-9-12,43.60
2018-9-13,43.60
2018-9-14,43.60
2018-9-15,43.60
2018-9-16,43.60
2018-9-17,43.60
2018-9-18,43.50
2018-9-19,43.50
2018-9-20,43.50
2018-9-21,43.50
2018-9-22,43.50
2018-9-23,43.40
2018-9-24,43.40
2018-9-25,43.40
2018-9-26,43.40
2018-9-27,43.30
2018-9-28,43.30
2018-9-29,43.30
2018-9-30,43.20
2018-10-1,43.20
2018-10-2,43.20
2018-10-3,43.20
2018-10-4,43.10
2018-10-5,43.10
2018-10-6,43.10
2018-10-7,43.10
2018-10-8,43.00
2018-10-9,43.00
2018-10-10,43.00
2018-10-11,42.90
2018-10-12,42.90
2018-10-13,42.90
2018-10-14,42.80
2018-10-15,42.80
2018-10-16,42.80
2018-10-17,42.70
2018-10-18,42.70
2018-10-19,42.70
2018-10-20,42.70
2018-10-21,42.70
2018-10-22,42.70
2018-10-23,42.70
2018-10-24,42.60
2018-10-25,42.60
2018-10-26,42.70
2018-10-27,42.70
2018-10-28,42.80
2018-10-29,42.90
2018-10-30,43.00
2018-10-31,43.20
2018-11-1,43.30
2018-11-2,43.30
2018-11-3,43.40
2018-11-4,43.40
2018-11-5,43.50
2018-11-6,43.60
2018-11-7,43.60
2018-11-8,43.60
2018-11-9,43.70
2018-11-10,43.80
2018-11-11,44.00
2018-11-12,44.20
2018-11-13,44.50
2018-11-14,44.60
2018-11-15,44.70
2018-11-16,44.80
2018-11-17,45.00
2018-11-18,45.10
2018-11-19,45.10
2018-11-20,45.00
2018-11-21,45.00
2018-11-22,45.00
2018-11-23,45.00
2018-11-24,44.90
2018-11-25,44.90
2018-11-26,44.80
2018-11-27,44.90
2018-11-28,45.40
2018-11-29,45.60
2018-11-30,45.80
2018-12-1,45.90
2018-12-2,46.00
2018-12-3,46.10
2018-12-4,46.20
2018-12-5,46.30
2018-12-6,46.30
2018-12-7,46.30
2018-12-8,46.20
2018-12-9,46.20
2018-12-10,46.20
2018-12-11,46.20
2018-12-12,46.10
2018-12-13,46.10
2018-12-14,46.00
2018-12-15,46.00
2018-12-16,45.90
2018-12-17,45.90
2018-12-18,45.90
2018-12-19,45.80
2018-12-20,45.80
2018-12-21,45.80
2018-12-22,45.70
2018-12-23,45.60
2018-12-24,45.60
2018-12-25,45.60
2018-12-26,45.50
2018-12-27,45.40
2018-12-28,45.40
2018-12-29,45.40
2018-12-30,45.30
2018-12-31,45.30
2019-1-1,45.20
2019-1-2,45.20
2019-1-3,45.10
2019-1-4,45.00
2019-1-5,44.90
2019-1-6,44.80
2019-1-7,44.70
2019-1-8,44.60
2019-1-9,44.50
2019-1-10,44.50
2019-1-11,44.50
2019-1-12,44.50
2019-1-13,44.50
2019-1-14,44.50
2019-1-15,44.50
2019-1-16,44.50
2019-1-17,44.50
2019-1-18,44.60
2019-1-19,44.60
2019-1-20,44.60
2019-1-21,44.70
2019-1-22,44.60
2019-1-23,44.60
2019-1-24,44.60
2019-1-25,44.60
2019-1-26,44.60
2019-1-27,44.70
2019-1-28,44.80
2019-1-29,44.80
2019-1-30,44.80
2019-1-31,
2019-2-1,
2019-2-2,
2019-2-3,
2019-2-4,
2019-2-5,
2019-2-6,
2019-2-7,
2019-2-8,
2019-2-9,
2019-2-10,
2019-2-11,
2019-2-12,
2019-2-13,
2019-2-14,
2019-2-15,
2019-2-16,
2019-2-17,
2019-2-18,
2019-2-19,
2019-2-20,
2019-2-21,
2019-2-22,
2019-2-23,
2019-2-24,
2019-2-25,
2019-2-26,
2019-2-27,
2019-2-28,
2019-3-1,44.90
2019-3-2,44.80
2019-3-3,44.80
2019-3-4,44.80
2019-3-5,44.90
2019-3-6,44.90
2019-3-7,44.90
2019-3-8,44.90
2019-3-9,45.00
2019-3-10,45.00
2019-3-11,45.00
2019-3-12,45.10
2019-3-13,45.10
2019-3-14,45.10
2019-3-15,45.20
2019-3-16,45.50
2019-3-17,45.90
2019-3-18,45.70
2019-3-19,45.80
2019-3-20,45.80
2019-3-21,45.80
2019-3-22,45.80
2019-3-23,45.80
2019-3-24,45.80
2019-3-25,45.80
2019-3-26,45.80
2019-3-27,45.80
2019-3-28,45.80
2019-3-29,45.80
2019-3-30,45.80
2019-3-31,46.00
2019-4-1,46.30
2019-4-2,46.60
2019-4-3,46.70
2019-4-4,46.70
2019-4-5,46.60
2019-4-6,46.60
2019-4-7,46.60
2019-4-8,46.50
2019-4-9,46.50
2019-4-10,46.40
2019-4-11,46.40
2019-4-12,46.40
2019-4-13,46.30
2019-4-14,46.30
2019-4-15,46.20
2019-4-16,46.10
2019-4-17,46.10
2019-4-18,46.00
2019-4-19,46.00
2019-4-20,46.00
2019-4-21,46.00
2019-4-22,46.00
2019-4-23,46.20
2019-4-24,46.20
2019-4-25,46.40
2019-4-26,46.60
2019-4-27,46.60
2019-4-28,46.60
2019-4-29,46.60
2019-4-30,46.60
2019-5-1,46.60
2019-5-2,46.50
2019-5-3,46.50
2019-5-4,46.50
2019-5-5,46.40
2019-5-6,46.40
2019-5-7,46.40
2019-5-8,46.30
2019-5-9,46.30
2019-5-10,46.20
2019-5-11,46.20
2019-5-12,46.20
2019-5-13,46.20
2019-5-14,46.20
2019-5-15,46.10
2019-5-16,46.20
2019-5-17,46.20
2019-5-18,46.20
2019-5-19,46.20
2019-5-20,46.20
2019-5-21,46.20
2019-5-22,46.20
2019-5-23,46.30
2019-5-24,46.20
2019-5-25,
2019-5-26,
2019-5-27,46.20
2019-5-28,46.20
2019-5-29,46.20
2019-5-30,46.20
2019-5-31,46.20
2019-6-1,
2019-6-2,
2019-6-3,
2019-6-4,
2019-6-5,
2019-6-6,
2019-6-7,
2019-6-8,
2019-6-9,
2019-6-10,
2019-6-11,
2019-6-12,
2019-6-13,
2019-6-14,
2019-6-15,
2019-6-16,
2019-6-17,
2019-6-18,
2019-6-19,
2019-6-20,
2019-6-21,
2019-6-22,
2019-6-23,
2019-6-24,
2019-6-25,
2019-6-26,
2019-6-27,
2019-6-28,
2019-6-29,
2019-6-30,
2019-7-1,46.00
2019-7-2,46.00
2019-7-3,46.00
2019-7-4,46.00
2019-7-5,45.90
2019-7-6,
2019-7-7,
2019-7-8,
2019-7-9,
2019-7-10,45.80
2019-7-11,45.80
2019-7-12,45.80
2019-7-13,
2019-7-14,
2019-7-15,45.70
2019-7-16,45.70
2019-7-17,45.60
2019-7-18,45.60
2019-7-19,
2019-7-20,
2019-7-21,
2019-7-22,45.50
2019-7-23,45.50
2019-7-24,45.40
2019-7-25,45.50
2019-7-26,45.40
2019-7-27,45.30
2019-7-28,45.30
2019-7-29,45.30
2019-7-30,45.30
2019-7-31,
2019-8-1,45.20
2019-8-2,45.20
2019-8-3,45.20
2019-8-4,45.10
2019-8-5,45.10
2019-8-6,45.00
2019-8-7,45.00
2019-8-8,44.90
2019-8-9,44.90
2019-8-10,
2019-8-11,
2019-8-12,44.90
2019-8-13,44.80
2019-8-14,44.80
2019-8-15,44.80
2019-8-16,44.70
2019-8-17,
2019-8-18,
2019-8-19,
2019-8-20,44.50
2019-8-21,44.40
2019-8-22,44.40
2019-8-23,44.30
2019-8-24,
2019-8-25,
2019-8-26,44.20
2019-8-27,44.20
2019-8-28,44.20
2019-8-29,44.10
2019-8-30,44.00
2019-8-31,
2019-9-1,
2019-9-2,43.90
2019-9-3,43.90
2019-9-4,43.90
2019-9-5,43.80
2019-9-6,43.80
2019-9-7,
2019-9-8,
2019-9-9,43.70
2019-9-10,43.70
2019-9-11,43.60
2019-9-12,43.60
2019-9-13,43.60
2019-9-14,
2019-9-15,
2019-9-16,43.50
2019-9-17,43.40
2019-9-18,43.40
2019-9-19,43.30
2019-9-20,43.30
2019-9-21,
2019-9-22,
2019-9-23,43.20
2019-9-24,43.20
2019-9-25,43.10
2019-9-26,43.10
2019-9-27,43.10
2019-9-28,
2019-9-29,
2019-9-30,
2019-10-1,43.90
2019-10-2,43.80
2019-10-3,43.80
2019-10-4,43.80
2019-10-5,
2019-10-6,
2019-10-7,43.70
2019-10-8,43.70
2019-10-9,43.70
2019-10-10,43.60
2019-10-11,43.60
2019-10-12,
2019-10-13,
2019-10-14,
2019-10-15,43.50
2019-10-16,43.50
2019-10-17,43.50
2019-10-18,43.50
2019-10-19,
2019-10-20,
2019-10-21,43.40
2019-10-22,43.30
2019-10-23,43.30
2019-10-24,43.30
2019-10-25,43.30
2019-10-26,
2019-10-27,
2019-10-28,43.20
2019-10-29,43.10
2019-10-30,43.10
2019-10-31,43.10
2019-11-1,42.00
2019-11-2,
2019-11-3,
2019-11-4,41.90
2019-11-5,41.90
2019-11-6,41.90
2019-11-7,41.90
2019-11-8,41.80
2019-11-9,
2019-11-10,
2019-11-11,
2019-11-12,41.70
2019-11-13,41.70
2019-11-14,41.70
2019-11-15,41.70
2019-11-16,41.70
2019-11-17,41.60
2019-11-18,41.60
2019-11-19,41.60
2019-11-20,41.60
2019-11-21,41.60
2019-11-22,41.60
2019-11-23,41.60
2019-11-24,41.80
2019-11-25,41.90
2019-11-26,42.00
2019-11-27,42.00
2019-11-28,42.10
2019-11-29,42.10
2019-11-30,
2019-12-1,
2019-12-2,
2019-12-3,
2019-12-4,
2019-12-5,
2019-12-6,
2019-12-7,
2019-12-8,
2019-12-9,
2019-12-10,
2019-12-11,
2019-12-12,
2019-12-13,
2019-12-14,
2019-12-15,
2019-12-16,
2019-12-17,
2019-12-18,
2019-12-19,
2019-12-20,
2019-12-21,
2019-12-22,
2019-12-23,
2019-12-24,
2019-12-25,
2019-12-26,
2019-12-27,
2019-12-28,
2019-12-29,
2019-12-30,
2019-12-31,